{
  "model_name": "logistic_regression",
  "task": "binary_classification",
  "target_label": "IsToxic",
  "data": {
    "n_samples": 997,
    "n_features_text": 2065,
    "n_features_numeric": 5,
    "train_size": 0.7993981945837513,
    "test_size": 0.20060180541624875,
    "random_state": 42
  },
  "metrics": {
    "accuracy": 0.62,
    "precision": 0.5571428571428572,
    "recall": 0.8478260869565217,
    "f1": 0.6724137931034483,
    "roc_auc": 0.7758655394524959
  },
  "confusion_matrix": {
    "tn": 46,
    "fp": 62,
    "fn": 14,
    "tp": 78
  },
  "timestamp": "2025-12-04T18:44:16",
  "notes": "Logistic Regression; TF-IDF + numeric features; max_iter=300"
}