{
  "model_name": "naive_bayes_toxic_v1",
  "task": "binary_classification",
  "target_label": "IsToxic",
  "data": {
    "n_samples": 997,
    "n_features_text": 2065,
    "n_features_numeric": 5,
    "train_size": 0.7993981945837513,
    "test_size": 0.20060180541624875,
    "random_state": 42
  },
  "metrics": {
    "accuracy": 0.76,
    "precision": 0.8333333333333334,
    "recall": 0.5978260869565217,
    "f1": 0.6962025316455697,
    "roc_auc": 0.8014291465378421
  },
  "confusion_matrix": {
    "tn": 97,
    "fp": 11,
    "fn": 37,
    "tp": 55
  },
  "timestamp": "2025-11-28T02:11:06",
  "notes": "Naive Bayes + TF-IDF (1,2) + 5 numeric features on text_classic"
}