{
  "model_name": "svm_toxic_v1",
  "task": "binary_classification",
  "target_label": "IsToxic",
  "data": {
    "n_samples": 997,
    "n_features_text": 1474,
    "n_features_numeric": 5,
    "train_size": 0.7993981945837513,
    "test_size": 0.20060180541624875,
    "random_state": 42
  },
  "metrics": {
    "accuracy": 0.735,
    "precision": 0.7671232876712328,
    "recall": 0.6086956521739131,
    "f1": 0.6787878787878788,
    "roc_auc": 0.8070652173913043
  },
  "confusion_matrix": {
    "tn": 82,
    "fp": 26,
    "fn": 33,
    "tp": 59
  },
  "timestamp": "2025-12-04T13:38:35.042523",
  "notes": "LinearSVC + TF-IDF (1,2) + 5 numeric features on text_classic"
}